/*
SQLyog Community v13.1.8 (64 bit)
MySQL - 8.0.24 : Database - tour
*********************************************************************
*/

/*!40101 SET NAMES utf8 */;

/*!40101 SET SQL_MODE=''*/;

/*!40014 SET @OLD_UNIQUE_CHECKS=@@UNIQUE_CHECKS, UNIQUE_CHECKS=0 */;
/*!40014 SET @OLD_FOREIGN_KEY_CHECKS=@@FOREIGN_KEY_CHECKS, FOREIGN_KEY_CHECKS=0 */;
/*!40101 SET @OLD_SQL_MODE=@@SQL_MODE, SQL_MODE='NO_AUTO_VALUE_ON_ZERO' */;
/*!40111 SET @OLD_SQL_NOTES=@@SQL_NOTES, SQL_NOTES=0 */;
CREATE DATABASE /*!32312 IF NOT EXISTS*/`tour` /*!40100 DEFAULT CHARACTER SET utf8mb4 COLLATE utf8mb4_general_ci */ /*!80016 DEFAULT ENCRYPTION='N' */;

USE `tour`;

/*Table structure for table `comment` */

DROP TABLE IF EXISTS `comment`;

CREATE TABLE `comment` (
  `id` bigint NOT NULL AUTO_INCREMENT COMMENT '评论 id',
  `type` varchar(64) DEFAULT NULL COMMENT '类型: 民宿/景点/购物/拼车',
  `article_id` bigint DEFAULT NULL COMMENT '帖子信息 id',
  `user_id` bigint DEFAULT NULL COMMENT '用户 id',
  `content` text CHARACTER SET utf8mb4 COLLATE utf8mb4_0900_ai_ci COMMENT '评论内容',
  `gmt_create` datetime DEFAULT CURRENT_TIMESTAMP COMMENT '创建日期',
  `gmt_modified` datetime DEFAULT CURRENT_TIMESTAMP ON UPDATE CURRENT_TIMESTAMP COMMENT '修改日期',
  `is_deleted` tinyint DEFAULT '0' COMMENT '逻辑删除',
  PRIMARY KEY (`id`)
) ENGINE=InnoDB AUTO_INCREMENT=205 DEFAULT CHARSET=utf8mb4 COLLATE=utf8mb4_0900_ai_ci;

/*Data for the table `comment` */

insert  into `comment`(`id`,`type`,`article_id`,`user_id`,`content`,`gmt_create`,`gmt_modified`,`is_deleted`) values 
(137,'scenic',1,12,'good','2023-04-03 15:39:35','2023-04-07 20:09:53',1),
(138,'scenic',2,5,'good','2023-04-03 15:40:08','2023-04-03 22:15:19',0),
(139,'scenic',3,5,'good','2023-04-03 15:40:11','2023-04-03 22:16:21',0),
(141,'scenic',4,5,'good','2023-04-03 15:40:21','2023-04-03 22:16:33',0),
(142,'scenic',5,5,'good','2023-04-03 15:40:24','2023-04-03 22:16:35',0),
(143,'scenic',6,5,'good','2023-04-03 15:40:28','2023-04-03 22:16:38',0),
(144,'scenic',7,5,'good','2023-04-03 15:41:24','2023-04-03 22:16:52',0),
(145,'homestay',7,5,'good','2023-04-03 15:41:37','2023-04-03 22:18:08',0),
(146,'homestay',6,5,'good','2023-04-03 15:41:41','2023-04-03 22:18:08',0),
(147,'homestay',5,5,'good','2023-04-03 15:41:43','2023-04-03 22:18:09',0),
(148,'homestay',4,5,'good','2023-04-03 15:41:47','2023-04-03 22:18:10',0),
(149,'homestay',3,5,'good','2023-04-03 15:41:50','2023-04-03 22:18:11',0),
(150,'homestay',2,5,'good','2023-04-03 15:41:54','2023-04-03 22:18:12',0),
(151,'homestay',1,5,'good','2023-04-03 15:41:57','2023-04-03 22:18:18',0),
(152,'goods',1,5,'good','2023-04-03 15:42:03','2023-04-03 22:18:58',0),
(153,'goods',2,5,'good','2023-04-03 15:42:05','2023-04-03 22:18:58',0),
(154,'goods',3,5,'good','2023-04-03 15:42:07','2023-04-03 22:18:59',0),
(155,'goods',4,5,'good','2023-04-03 15:42:09','2023-04-03 22:19:00',0),
(156,'goods',5,5,'good','2023-04-03 15:42:12','2023-04-03 22:19:00',0),
(157,'goods',6,5,'good','2023-04-03 15:42:14','2023-04-03 22:19:01',0),
(158,'goods',7,5,'good','2023-04-03 15:42:17','2023-04-03 22:19:05',0),
(159,'goods',7,12,'good','2023-04-03 15:42:30','2023-04-03 22:19:05',0),
(160,'goods',6,12,'good','2023-04-03 15:42:32','2023-04-03 22:19:06',0),
(161,'goods',5,12,'good','2023-04-03 15:42:36','2023-04-03 22:19:06',0),
(162,'goods',4,12,'good','2023-04-03 15:42:40','2023-04-03 22:19:07',0),
(163,'goods',3,12,'good','2023-04-03 15:42:42','2023-04-03 22:19:10',0),
(164,'goods',2,12,'good','2023-04-03 15:42:44','2023-04-03 22:19:09',0),
(165,'goods',1,12,'good','2023-04-03 15:42:46','2023-04-03 22:20:08',0),
(166,'scenic',1,5,'good','2023-04-03 15:42:51','2023-04-03 22:15:45',0),
(167,'scenic',2,12,'good','2023-04-03 15:42:54','2023-04-07 20:31:43',1),
(168,'scenic',3,12,'good','2023-04-03 15:42:56','2023-04-03 22:16:53',0),
(169,'scenic',4,12,'good','2023-04-03 15:42:58','2023-04-03 22:16:54',0),
(170,'scenic',5,12,'good','2023-04-03 15:43:01','2023-04-03 22:16:55',0),
(171,'scenic',6,12,'good','2023-04-03 15:43:03','2023-04-03 22:17:06',0),
(172,'homestay',6,12,'good','2023-04-03 15:43:07','2023-04-03 22:18:19',0),
(173,'homestay',5,12,'good','2023-04-03 15:43:10','2023-04-03 22:18:19',0),
(174,'homestay',4,12,'good','2023-04-03 15:43:13','2023-04-03 22:18:20',0),
(175,'homestay',3,12,'good','2023-04-03 15:43:15','2023-04-03 22:18:21',0),
(176,'homestay',2,12,'good','2023-04-03 15:43:17','2023-04-03 22:18:21',0),
(177,'homestay',1,12,'good','2023-04-03 15:43:22','2023-04-03 22:18:57',0),
(181,'scenic',7,12,'good','2023-04-03 22:17:56','2023-04-03 22:17:56',0),
(182,'scenic',1,6,'good','2023-04-03 22:20:36','2023-04-03 22:20:36',0),
(183,'scenic',1,10,'good','2023-04-03 22:20:46','2023-04-08 14:48:11',1),
(184,'scenic',1,13,'good','2023-04-03 22:20:57','2023-04-03 22:21:08',0),
(185,'scenic',1,5,'good','2023-04-04 11:30:09','2023-04-04 11:30:09',0),
(195,'scenic',1,19,'很好','2023-04-06 21:45:29','2023-04-06 21:45:29',0),
(196,'scenic',1,12,'很好玩','2023-04-07 19:46:18','2023-04-07 20:08:34',1),
(197,'scenic',1,10,'好玩','2023-04-08 14:47:52','2023-04-08 14:48:00',1),
(198,'scenic',1,10,'good','2023-04-08 14:48:16','2023-04-08 14:48:29',1),
(199,'scenic',1,10,'超级好玩','2023-04-08 14:50:25','2023-04-11 12:49:36',1),
(200,'homestay',1,20,'nice','2023-04-09 18:26:45','2023-04-09 18:26:45',0),
(201,'scenic',1,10,'真的很不错哦','2023-04-11 12:52:27','2023-04-11 12:53:21',1),
(203,'scenic',2,10,'地理位置优越','2023-04-13 17:03:05','2023-04-13 17:03:05',0),
(204,'scenic',2,10,'很不错','2023-04-13 17:44:40','2023-04-13 17:44:51',1);

/*Table structure for table `goods` */

DROP TABLE IF EXISTS `goods`;

CREATE TABLE `goods` (
  `id` bigint NOT NULL AUTO_INCREMENT COMMENT '特产id',
  `shop_name` varchar(256) CHARACTER SET utf8mb4 COLLATE utf8mb4_general_ci DEFAULT NULL COMMENT '店名',
  `goods_name` varchar(256) CHARACTER SET utf8mb4 COLLATE utf8mb4_general_ci DEFAULT NULL COMMENT '特产名称',
  `url` text COLLATE utf8mb4_general_ci COMMENT '特产图片',
  `price` int DEFAULT NULL COMMENT '价格',
  `introduction` varchar(256) COLLATE utf8mb4_general_ci DEFAULT NULL COMMENT '简介',
  `gmt_create` datetime DEFAULT CURRENT_TIMESTAMP COMMENT '创建时间',
  `gmt_modified` datetime DEFAULT CURRENT_TIMESTAMP ON UPDATE CURRENT_TIMESTAMP COMMENT '修改时间',
  `is_deleted` tinyint DEFAULT '0' COMMENT '逻辑删除',
  PRIMARY KEY (`id`)
) ENGINE=InnoDB AUTO_INCREMENT=9 DEFAULT CHARSET=utf8mb4 COLLATE=utf8mb4_general_ci;

/*Data for the table `goods` */

insert  into `goods`(`id`,`shop_name`,`goods_name`,`url`,`price`,`introduction`,`gmt_create`,`gmt_modified`,`is_deleted`) values 
(1,'松匠人京东自营旗舰店','手剥纸皮核桃','https://img14.360buyimg.com/n0/jfs/t1/93569/22/35759/127569/64154204F6ed92b2c/1e85cc01d893480d.jpg.avif',60,'松匠人 手剥纸皮核桃1500g薄皮新疆特产阿克苏185原味核桃干果批发 ','2023-03-29 15:34:18','2023-04-13 11:17:22',0),
(2,'好想你官方旗舰店','特级锁鲜枣','https://img14.360buyimg.com/n0/jfs/t1/68928/33/26714/169029/642ea005Fb82a6938/4fc24f7443a5c7ba.jpg.avif',130,'好想你 特级锁鲜枣500g 新疆特产红枣阿克苏灰枣免洗即食煲粥泡茶 ','2023-03-29 15:35:53','2023-04-13 11:19:36',0),
(3,'嗒啉食品专营店','阿克苏四团杏干','https://img14.360buyimg.com/n1/s546x546_jfs/t1/104195/25/39401/113395/6436d940F67720c0f/e9efae98008f6a7b.jpg.avif',17,'域上物语 阿克苏四团杏干吊干杏自然晾晒500g新疆特产树上干杏吊死干杏干 ','2023-03-29 15:36:45','2023-04-13 11:20:31',0),
(4,'御享休闲零食专营店','马牙瓜子','https://img14.360buyimg.com/n0/jfs/t1/132681/3/35386/128651/6436dd9bF93f9eb98/d5e9fe141d40d417.jpg.avif',24,'咔芙滋新疆特产马牙瓜子原味阿克苏牙签白瓜子盐白皮狼牙月牙葵花籽 原味马牙瓜子250g*4袋 ','2023-03-29 15:38:25','2023-04-13 11:21:36',0),
(5,'甘福园旗舰店','阿克苏冰糖心苹果','https://img14.360buyimg.com/n0/jfs/t1/182475/1/33693/168770/64084ac6Fccc339ea/133d546d49c728d7.jpg.avif',33,'甘福园正宗新疆阿克苏冰糖心苹果15斤红富士特产新鲜应当季水果现摘整箱 5斤彩箱装（单果75mm以上） ','2023-03-29 15:39:01','2023-04-13 11:22:49',0),
(6,'浩辰零食小店','雪桔干','https://img14.360buyimg.com/n0/jfs/t1/220670/14/10690/242501/61dbcd54E5423b89f/c4e5a22accf6858e.jpg.avif',32,'冰糖金桔干特大天山雪桔干 500g 新疆天山雪桔金橘干 蜜 潮汕特产金桔干 甘草类 0g 250克 ','2023-03-29 15:39:01','2023-04-13 11:23:23',0),
(7,'中国特产·吐鲁番馆','阿克苏青皮苹果','https://img14.360buyimg.com/n0/jfs/t1/122186/6/15085/270697/5f890d6cEf95b404a/f785d3494ab3a916.jpg.avif',79,'新疆青森王林苹果 阿克苏青皮苹果 雀斑玉林应季新鲜水果 整箱 家庭装5斤','2023-04-13 11:29:49','2023-04-13 11:29:49',0),
(8,'中国特产·吐鲁番馆','苹果脆','https://img14.360buyimg.com/n0/jfs/t1/24573/19/16862/324611/62948c72E9a521483/97c7a3d52084f02d.jpg.avif',35,'采实 新疆阿克苏冰糖心苹果脆 苹果干脆片 非油炸无添加水果干 40g*3袋 ','2023-04-13 11:31:15','2023-04-13 11:31:15',0);

/*Table structure for table `homestay` */

DROP TABLE IF EXISTS `homestay`;

CREATE TABLE `homestay` (
  `id` bigint NOT NULL AUTO_INCREMENT COMMENT '民宿id',
  `name` varchar(256) COLLATE utf8mb4_general_ci DEFAULT NULL COMMENT '民俗名称',
  `address` varchar(256) COLLATE utf8mb4_general_ci DEFAULT NULL COMMENT '民宿地址',
  `phone` varchar(256) COLLATE utf8mb4_general_ci DEFAULT NULL COMMENT '联系方式',
  `seller_name` varchar(128) CHARACTER SET utf8mb4 COLLATE utf8mb4_general_ci DEFAULT NULL COMMENT '联系人姓名',
  `introduction` varchar(256) COLLATE utf8mb4_general_ci DEFAULT NULL COMMENT '民宿简介',
  `score` double(10,1) DEFAULT NULL COMMENT '评分',
  `label` varchar(256) COLLATE utf8mb4_general_ci DEFAULT NULL COMMENT '民宿标签',
  `price` int DEFAULT NULL COMMENT '民宿价格',
  `url` varchar(256) COLLATE utf8mb4_general_ci DEFAULT NULL COMMENT '图片',
  `gmt_create` datetime DEFAULT CURRENT_TIMESTAMP COMMENT '创建时间',
  `gmt_modified` datetime DEFAULT CURRENT_TIMESTAMP ON UPDATE CURRENT_TIMESTAMP COMMENT '修改时间',
  `is_deleted` tinyint DEFAULT '0' COMMENT '逻辑删除',
  PRIMARY KEY (`id`)
) ENGINE=InnoDB AUTO_INCREMENT=9 DEFAULT CHARSET=utf8mb4 COLLATE=utf8mb4_general_ci;

/*Data for the table `homestay` */

insert  into `homestay`(`id`,`name`,`address`,`phone`,`seller_name`,`introduction`,`score`,`label`,`price`,`url`,`gmt_create`,`gmt_modified`,`is_deleted`) values 
(1,'阿克苏百间里民宿','中国，新疆，阿克苏市，300省道与依干其乡规划一路交叉口西200米','19390713586','李华','阿克苏百间里民宿位于阿克苏凤泉河老街，由新疆轻歌牧马文化旅游公司精心打造而成。项目总占地面积为11500平米，包括民宿、餐饮、娱乐等多个业态，共有56座庭院组成，其中45座住宿院落，每座民宿院落采用36古城帮部分城邦名称及24节气命名，以浓郁的新疆风情为灵感，通过壁画及软装，凸显了西域特色，房间内床品、洗护等用品，采用星级标品，贴心的管家式服务提个性需求。接待大厅，生活艺术馆之风，陈列各种艺术品，通过欣赏不同风格的艺术品来获得有一种美的享受。',4.7,'免费停车,接机服务,健身室,Spa,酒吧,咖啡厅,行李寄存',600,'https://dimg04.c-ctrip.com/images/0204d120009q6xq0k542E_R_600_400_R5_D.jpg','2023-03-27 21:56:28','2023-04-13 10:50:54',0),
(2,'阿克苏海富祥宾馆','中国，新疆，阿克苏市，英阿瓦提路9号海富花园1号楼4层','0997-2568806','罗旭','阿克苏海富祥宾馆是阿克苏市新开的酒店之一，于2020-03-01正式运营。',4.5,'桌球室,免费停车,接机服务,健身室,Spa,咖啡厅,茶室',500,'https://dimg04.c-ctrip.com/images/02074120008c7sx0d4E6D_R_600_400_R5_D.jpg','2023-03-27 21:59:47','2023-04-13 10:51:59',0),
(3,'都市驿家民宿','中国，新疆，阿克苏市，东大街42号凯睿大厦1号楼304室','18209975958','郑伟','位于阿克苏市，2021-10-31开业的都市驿家民宿，将是您旅途中的不二选择。',4.6,'免费停车,接机服务,健身室,行政酒廊,咖啡厅,行李寄存,商务中心',697,'https://dimg04.c-ctrip.com/images/0200d1200094ofsn29E77_R_600_400_R5_D.jpg','2023-03-27 22:02:35','2023-04-13 10:54:53',0),
(4,'知隐民宿(幸福中路分店)','中国，新疆，阿克苏市，幸福中路金兰广场(公交站)','010-56320606-28761277','杨瑞','有朋自远方来，不亦乐乎。',4.8,'健身室,Spa,咖啡厅,茶室',327,'https://dimg04.c-ctrip.com/images/0221312000au7hvtb9AEB_R_600_400_R5_D.jpg','2023-03-27 22:06:16','2023-04-13 10:56:20',0),
(5,'蜜糖屋公寓(东大街分店)','中国，新疆，阿克苏市，东大街铠睿大厦','010-56320606-17866564','王金川','亲爱的房客您好呀！很高兴能认识您^_^',4.8,'健身室,Spa,酒吧',292,'https://ak-d.tripcdn.com/images/0225712000a2x7uxx7672_R_490_318_R5_Q70.jpg','2023-03-27 22:07:36','2023-04-13 10:57:27',0),
(6,'阿克苏云轩阁','中国，新疆，阿克苏市，阿克苏老街三巷91号','13579118409','张浩','环境干净整洁、设备设施齐全、安全卫生，是您出行住宿的理想场所。欢迎您的光临！',4.9,'免费停车,接机服务,健身室',227,'https://ak-d.tripcdn.com/images/02041120009eiksbrFF1F_R_490_318_R5_Q70.jpg','2023-03-27 22:07:46','2023-04-13 10:58:18',0),
(7,'阿克苏元之乐民宿','中国，新疆，阿克苏市，新城街道兴隆社区迎宾路12号农一师运输公司1栋二单元201','15559490111','孙百曼','2022-03-31开业，相信阿克苏元之乐民宿周到的服务和一流的设施，会让您在阿克苏市开展一段难忘的旅行。酒店地理位置优越，距离阿克苏机场13km，距离阿克苏火车站5km。',4.9,'接机服务,健身室,行政酒廊,咖啡厅',490,'https://ak-d.tripcdn.com/images/02020120009iopbxfF514_R_490_318_R5_Q70.jpg','2023-03-27 22:07:58','2023-04-13 10:59:17',0),
(8,'阿克苏老街拾光坞民宿','中国，新疆，阿克苏市，依干其乡依干其村4组','18096969997','北慕','本店是阿克苏地区一个集中成片的，集住宿、餐饮、娱乐、休闲、民俗体验于一体的大型民宿景区，下属100套特色民宿院落及老街味道特色餐厅，带给您原汁原味的民俗风情体验和超值入住体验。客房基础设施齐全，是您出行的理想之选。',4.6,'免费停车,接机服务,健身室,Spa,咖啡厅',488,'https://ak-d.tripcdn.com/images/0200o120008e4pucq69C1_R_490_318_R5_Q70.jpg','2023-03-27 22:08:24','2023-04-13 10:59:57',0);

/*Table structure for table `indent` */

DROP TABLE IF EXISTS `indent`;

CREATE TABLE `indent` (
  `id` bigint NOT NULL AUTO_INCREMENT COMMENT '订单id',
  `name` varchar(256) COLLATE utf8mb4_general_ci DEFAULT NULL COMMENT '商品名称',
  `count` int DEFAULT NULL COMMENT '购买数量',
  `unit_price` int DEFAULT NULL COMMENT '单价',
  `price` int DEFAULT NULL COMMENT '总价',
  `detail` text COLLATE utf8mb4_general_ci COMMENT '详情',
  `type` varchar(256) COLLATE utf8mb4_general_ci DEFAULT NULL COMMENT '类型: 民宿/景点/购物/拼车',
  `user_id` bigint DEFAULT NULL COMMENT '用户id',
  `status` int DEFAULT NULL COMMENT '订单状态 0-未支付 1-已结算',
  `gmt_create` datetime DEFAULT CURRENT_TIMESTAMP COMMENT '创建时间',
  `gmt_modified` datetime DEFAULT CURRENT_TIMESTAMP ON UPDATE CURRENT_TIMESTAMP COMMENT '修改时间',
  `is_deleted` tinyint DEFAULT '0' COMMENT '逻辑删除',
  PRIMARY KEY (`id`)
) ENGINE=InnoDB AUTO_INCREMENT=86 DEFAULT CHARSET=utf8mb4 COLLATE=utf8mb4_general_ci;

/*Data for the table `indent` */

insert  into `indent`(`id`,`name`,`count`,`unit_price`,`price`,`detail`,`type`,`user_id`,`status`,`gmt_create`,`gmt_modified`,`is_deleted`) values 
(16,'阿克苏百间里民宿',2,600,6000,'住客姓名:王老四;入住时间:2023-03-02;退房时间:2023-03-12;电话号码:13388080222;','homestay',5,1,'2023-03-30 20:02:23','2023-04-13 10:49:49',1),
(17,'手剥纸皮核桃',2,60,120,'收货人:企鹅;收货地址:天津滨海新区;联系方式:13388080322;','goods',5,0,'2023-03-30 20:02:24','2023-04-13 11:17:02',1),
(18,'保时捷',2,121,242,'乘客姓名:张珊珊;联系电话:13388080322;','taxi',5,0,'2023-03-30 20:02:26','2023-04-06 17:08:12',0),
(20,'天山神秘大峡谷',2,99,198,'游客姓名:王老三;门票日期:2023-04-12;游客电话:13388080222;','scenic',5,0,'2023-03-30 20:15:18','2023-04-13 11:03:10',1),
(21,'天山神秘大峡谷',2,99,198,'游客姓名:王五;门票日期:2023-03-02;游客电话:13388080266;','scenic',5,0,'2023-03-31 21:30:45','2023-04-13 11:03:11',1),
(22,'阿克苏百间里民宿',2,600,6000,'住客姓名:李梅芳;入住时间:2023-03-02;退房时间:2023-03-12;电话号码:13388080266;','homestay',5,0,'2023-03-31 21:32:30','2023-04-13 10:49:55',0),
(23,'天山神秘大峡谷',2,99,198,'游客姓名:赵四;门票日期:2023-03-09;游客电话:13388080266;','scenic',5,0,'2023-04-01 15:39:59','2023-04-13 11:03:12',0),
(24,'天山神秘大峡谷',1,99,99,'游客姓名:李华;门票日期:2023-04-03;游客电话:123456;','scenic',5,0,'2023-04-01 15:43:08','2023-04-13 11:03:13',0),
(25,'天山神秘大峡谷',2,99,198,'游客姓名:王五;门票日期:2023-03-02;游客电话:13388080266;','scenic',12,0,'2023-04-01 16:01:45','2023-04-13 11:03:14',1),
(26,'天山神秘大峡谷',2,99,198,'游客姓名:王五;门票日期:2023-03-02;游客电话:13388080266;','scenic',12,0,'2023-04-01 16:02:41','2023-04-13 11:03:14',1),
(27,'天山神秘大峡谷',2,99,198,'游客姓名:王五;门票日期:2023-03-02;游客电话:13388080266;','scenic',12,0,'2023-04-01 16:02:53','2023-04-13 11:03:16',1),
(28,'阿克苏百间里民宿',2,600,6000,'住客姓名:林夕;入住时间:2023-03-02;退房时间:2023-03-12;电话号码:13388080266;','homestay',12,0,'2023-04-01 16:03:40','2023-04-13 10:50:10',0),
(29,'手剥纸皮核桃',2,60,120,'收货人:张三忘;收货地址:天津市滨海新区;联系方式:13388080266;','goods',12,0,'2023-04-01 16:03:42','2023-04-13 11:16:54',0),
(30,'保时捷',2,121,242,'乘客姓名:王五;联系电话:13388080266;','taxi',12,0,'2023-04-01 16:03:45','2023-04-07 20:17:45',1),
(31,'天山神秘大峡谷',2,99,198,'游客姓名:王五;门票日期:2023-03-02;游客电话:13388080266;','scenic',12,0,'2023-04-01 16:04:59','2023-04-13 11:03:18',1),
(32,'天山神秘大峡谷',1,99,99,'游客姓名:李华;门票日期:2023-04-05;游客电话:12345678;','scenic',12,0,'2023-04-04 10:26:40','2023-04-13 11:03:19',1),
(33,'天山神秘大峡谷',1,99,99,'游客姓名:李华;门票日期:2023-04-05;游客电话:123456;','scenic',12,0,'2023-04-04 10:27:19','2023-04-13 11:03:19',1),
(34,'天山神秘大峡谷',1,99,99,'游客姓名:王华;门票日期:2023-04-06;游客电话:123456789;','scenic',12,0,'2023-04-04 10:28:19','2023-04-13 11:03:22',1),
(35,'阿克苏百间里民宿',1,600,600,'住客姓名:王伟;入住时间:2023-04-05;退房时间:2023-04-06;电话号码:123456;','homestay',17,0,'2023-04-04 13:13:38','2023-04-13 10:50:17',0),
(36,'手剥纸皮核桃',1,60,60,'收货人:王丽;收货地址:天津科技大学;联系方式:123456;','goods',17,0,'2023-04-04 13:23:02','2023-04-13 11:17:08',0),
(37,'法拉利',1,100,100,'乘客姓名:刘涛;联系电话:111111;','taxi',17,0,'2023-04-04 13:26:41','2023-04-06 11:55:11',0),
(38,'天山神秘大峡谷',2,99,198,'游客姓名:林涛;门票日期:2023-04-05;游客电话:1111111;','scenic',17,0,'2023-04-04 13:39:21','2023-04-13 11:03:23',0),
(39,'天山神秘大峡谷',1,99,99,'游客姓名:李华;门票日期:2023-04-05;游客电话:1111111;','scenic',17,0,'2023-04-04 13:47:23','2023-04-13 11:03:23',0),
(40,'天山神秘大峡谷',1,99,99,'游客姓名:王五;门票日期:2023-04-01;游客电话:123456;','scenic',17,0,'2023-04-04 13:59:36','2023-04-13 11:03:24',0),
(49,'天山神秘大峡谷',2,99,198,'游客姓名:王五;门票日期:2023-03-02;游客电话:13388080266;','scenic',5,0,'2023-04-06 11:47:44','2023-04-13 11:03:25',0),
(50,'天山神秘大峡谷',2,99,198,'游客姓名:王六;门票日期:2023-03-02;游客电话:13388080266;','scenic',5,0,'2023-04-06 11:48:09','2023-04-13 11:03:25',0),
(51,'手剥纸皮核桃',2,60,120,'收货人:张三;收货地址:天津市滨海新区第十三大街;联系方式:13388080266;','goods',5,0,'2023-04-06 11:49:10','2023-04-13 11:17:13',0),
(52,'天山神秘大峡谷',2,99,198,'游客姓名:王七;门票日期:2023-03-02;游客电话:13388080266;','scenic',18,0,'2023-04-06 11:59:39','2023-04-13 11:03:26',0),
(53,'天山神秘大峡谷',1,99,99,'游客姓名:刘五;门票日期:2023-04-07;游客电话:123456;','scenic',5,0,'2023-04-06 15:16:51','2023-04-13 11:03:27',0),
(54,'天山神秘大峡谷',3,99,297,'游客姓名:陈鑫海;门票日期:2023-04-07;游客电话:123456789;','scenic',5,0,'2023-04-06 16:11:53','2023-04-13 11:03:31',1),
(55,'新疆天山托木尔景区·大峡谷',1,280,280,'游客姓名:刘晓晓;门票日期:2023-04-07;游客电话:111111111111111;','scenic',5,0,'2023-04-06 16:12:51','2023-04-13 11:05:08',0),
(56,'塔克拉玛干沙漠（阿克苏）',1,25,25,'游客姓名:九儿;门票日期:2023-04-04;游客电话:1234432324;','scenic',5,0,'2023-04-06 17:09:30','2023-04-13 11:08:58',0),
(57,'阿克苏百间里民宿',1,600,1800,'住客姓名:林好好;入住时间:2023-04-05;退房时间:2023-04-08;电话号码:12345678;','homestay',5,0,'2023-04-06 17:21:49','2023-04-13 10:50:18',0),
(58,'阿克苏百间里民宿',1,600,1800,'住客姓名:林好好;入住时间:2023-04-05;退房时间:2023-04-08;电话号码:12345678;','homestay',5,0,'2023-04-06 17:21:57','2023-04-13 10:50:22',0),
(59,'法拉利',1,100,100,'乘客姓名:林好好;联系电话:111111111111;','taxi',5,0,'2023-04-06 17:24:00','2023-04-06 21:26:53',0),
(60,'法拉利',1,100,100,'乘客姓名:王五;联系电话:13388080266;','taxi',6,0,'2023-04-06 21:25:21','2023-04-06 21:44:38',0),
(61,'新疆天山托木尔景区·大峡谷',1,280,280,'游客姓名:林夕;门票日期:2023-04-01;游客电话:123456789;','scenic',12,0,'2023-04-07 20:15:09','2023-04-13 11:05:10',0),
(62,'新疆天山托木尔景区·大峡谷',2,40,80,'游客姓名:林夕姚;门票日期:2023-04-05;游客电话:1111111111111;','scenic',12,0,'2023-04-07 20:15:37','2023-04-13 11:05:13',0),
(63,'保时捷',3,121,363,'乘客姓名:林夕;联系电话:123456;','taxi',12,0,'2023-04-07 20:18:09','2023-04-07 20:24:23',1),
(64,'保时捷',3,121,363,'乘客姓名:林夕;联系电话:1111111111;','taxi',12,0,'2023-04-07 20:25:19','2023-04-07 20:25:35',1),
(65,'天山神秘大峡谷',1,99,99,'游客姓名:赵四强;门票日期:2023-04-04;游客电话:1111;','scenic',10,0,'2023-04-08 14:47:44','2023-04-13 17:43:34',0),
(66,'阿克苏百间里民宿',1,600,600,'住客姓名:zzz;入住时间:2023-04-11;退房时间:2023-04-12;电话号码:123456;','homestay',20,0,'2023-04-09 18:26:35','2023-04-13 10:50:26',0),
(67,'天山神秘大峡谷',1,99,99,'游客姓名:zz;门票日期:2023-04-12;游客电话:zz;','scenic',20,0,'2023-04-09 18:27:18','2023-04-13 11:03:35',0),
(68,'手剥纸皮核桃',1,60,60,'收货人:zz;收货地址:zz;联系方式:zz;','goods',20,0,'2023-04-09 18:27:34','2023-04-13 11:17:16',0),
(69,'法拉利',1,100,100,'乘客姓名:zz;联系电话:zz;','taxi',20,0,'2023-04-09 18:27:46','2023-04-09 18:27:46',0),
(70,'阿克苏百间里民宿',1,600,600,'住客姓名:zz;入住时间:2023-04-02;退房时间:2023-04-03;电话号码:123;','homestay',10,0,'2023-04-09 18:36:16','2023-04-13 10:50:27',0),
(71,'阿克苏百间里民宿',1,600,1200,'住客姓名:李华;入住时间:2023-04-11;退房时间:2023-04-13;电话号码:123456;','homestay',10,0,'2023-04-11 14:12:19','2023-04-13 13:52:26',1),
(73,'保时捷',1,121,121,'乘客姓名:1;联系电话:1;','taxi',29,0,'2023-04-13 11:55:14','2023-04-13 11:55:30',1),
(74,'手剥纸皮核桃',1,60,60,'收货人:z;收货地址:z;联系方式:z;','goods',29,0,'2023-04-13 11:58:41','2023-04-13 11:58:41',0),
(75,'苏巴什故城',1,280,280,'游客姓名:林华;门票日期:2023-04-15;游客电话:12345678901;','scenic',10,0,'2023-04-13 14:00:44','2023-04-13 14:00:58',0),
(76,'手剥纸皮核桃',1,60,60,'收货人:林华;收货地址:天津科技大学;联系方式:11111111;','goods',10,0,'2023-04-13 16:40:16','2023-04-13 16:40:16',0),
(77,'保时捷',1,121,121,'乘客姓名:林华;联系电话:13156567561;','taxi',10,0,'2023-04-13 16:40:37','2023-04-13 17:47:37',0),
(78,'捷豹',1,122,122,'乘客姓名:王五;联系电话:13388080266;','taxi',19,0,'2023-04-13 17:16:26','2023-04-13 17:16:26',0),
(79,'天山神秘大峡谷',1,99,99,'游客姓名:李暖;门票日期:2023-04-14;游客电话:13111111111;','scenic',10,0,'2023-04-13 17:35:29','2023-04-13 18:16:02',1),
(80,'天山神秘大峡谷',1,99,99,'游客姓名:林华;门票日期:2023-04-14;游客电话:13123343545;','scenic',10,0,'2023-04-13 17:39:40','2023-04-13 18:16:03',1),
(81,'阿克苏百间里民宿',1,600,1200,'住客姓名:林华;入住时间:2023-04-14;退房时间:2023-04-16;电话号码:13156567561;','homestay',10,0,'2023-04-13 17:40:45','2023-04-13 17:40:45',0),
(82,'手剥纸皮核桃',1,60,60,'收货人:林华;收货地址:天津科技大学;联系方式:13156567561;','goods',10,0,'2023-04-13 17:41:14','2023-04-13 17:41:14',0),
(83,'保时捷',1,121,121,'乘客姓名:林华;联系电话:13156567561;','taxi',10,0,'2023-04-13 17:41:41','2023-04-13 17:41:41',0),
(84,'天山神秘大峡谷',1,99,99,'游客姓名:林华;门票日期:2023-04-14;游客电话:13156567561;','scenic',10,0,'2023-04-13 17:55:16','2023-04-13 18:16:06',1),
(85,'天山神秘大峡谷',1,99,99,'游客姓名:z;门票日期:2023-04-14;游客电话:z;','scenic',29,0,'2023-04-13 17:56:17','2023-04-13 17:56:17',0);

/*Table structure for table `scenic` */

DROP TABLE IF EXISTS `scenic`;

CREATE TABLE `scenic` (
  `id` bigint NOT NULL AUTO_INCREMENT COMMENT '景点id',
  `name` varchar(256) COLLATE utf8mb4_general_ci DEFAULT NULL COMMENT '景点名称',
  `introduction` varchar(256) COLLATE utf8mb4_general_ci DEFAULT NULL COMMENT '景点描述',
  `url` text COLLATE utf8mb4_general_ci COMMENT '景点图片',
  `score` double(10,1) DEFAULT NULL COMMENT '评分',
  `price` int DEFAULT NULL COMMENT '门票价格',
  `ranking` varchar(256) CHARACTER SET utf8mb4 COLLATE utf8mb4_general_ci DEFAULT NULL COMMENT '排名描述',
  `open_time` varchar(256) COLLATE utf8mb4_general_ci DEFAULT NULL COMMENT '开放时间',
  `gmt_create` datetime DEFAULT CURRENT_TIMESTAMP COMMENT '创建时间',
  `gmt_modified` datetime DEFAULT CURRENT_TIMESTAMP ON UPDATE CURRENT_TIMESTAMP COMMENT '修改时间',
  `is_deleted` tinyint DEFAULT '0' COMMENT '逻辑删除',
  PRIMARY KEY (`id`)
) ENGINE=InnoDB AUTO_INCREMENT=10 DEFAULT CHARSET=utf8mb4 COLLATE=utf8mb4_general_ci;

/*Data for the table `scenic` */

insert  into `scenic`(`id`,`name`,`introduction`,`url`,`score`,`price`,`ranking`,`open_time`,`gmt_create`,`gmt_modified`,`is_deleted`) values 
(1,'天山神秘大峡谷','天山神秘大峡谷又叫克孜利亚大峡谷，位于新疆阿克苏地区库车县北部。克孜利亚维吾尔语意是“红色的山崖”，这是因为大峡谷由红褐色的巨型山体群组成。天山神秘大峡谷红褐色的山体群直插云天，在阳光照射下，犹如一簇簇燃烧的火焰。','https://dimg01.c-ctrip.com/images/0101v12000ad68zjs8FDE_D_180_180.jpg?proc=autoorient',4.7,99,'阿克苏地区3大山水景点榜 No.1','9:30-18:00','2023-03-27 18:52:09','2023-04-13 11:03:02',0),
(2,'新疆天山托木尔景区·大峡谷','天山托木尔景区曾是通往南北天山古代驿路木扎特古道的必经之地，当地人称之为“库都鲁克大峡谷”，维吾尔语意为“惊险，神秘”。峡谷位于阿克苏市温宿县，距国道314线30公里左右，总面积200平方公里。','https://dimg04.c-ctrip.com/images/100b1f000001gso879584_R_1600_10000.jpg',4.5,280,'阿克苏地区3大山水景点榜 No.2','9:00-18:00','2023-03-27 18:52:56','2023-04-13 11:04:55',0),
(3,'库车王府','库车王府位于新疆阿克苏地区库车县老城区内，是从1759年起库车当地的维吾尔亲王库车王世代居住的地方。曾经的库车王府已经变为废墟，如今的王府是在原址基础上，按照后一代库车王达吾提·买合苏提的回忆原样复原的。库车王府面积很大，横竖都有两三百米左右，里面有多座建筑，建筑多为维吾尔风格，内部色彩鲜艳，可以随处拍拍照片，院子里还有花园、绿地，环境十分不错。王府参观分为龟兹文化展览区、王府参观区和老城墙三处，进入后步行参观即可，一般2小时左右为宜。','https://dimg04.c-ctrip.com/images/0103812000awvj3bi35D5_C_1600_1200.jpg',4.6,40,'阿克苏地区3大山水景点榜 No.3','9:00-18:00','2023-03-27 18:55:20','2023-04-13 11:07:00',0),
(4,'塔克拉玛干沙漠（阿克苏）','塔克拉玛干沙漠全长约一千公里，分布在巴音郭楞、阿克苏、喀什、和田几个地区，流动沙丘的面积较大，景色壮丽。','https://dimg04.c-ctrip.com/images/0100112000811kda30D4A_R_1600_10000.jpg',4.3,25,'阿克苏地区3大山水景点榜 No.4','9:00-18:00','2023-03-27 18:55:44','2023-04-13 11:08:33',0),
(5,'归园田居·塔村','归园田居·塔村位于阿克苏地区温宿县北部山区、新疆天山托木尔世界自然遗产地南侧边界区域，坐落于天山高峰--托木尔峰脚下，总面积53平方公里。是全国乡村旅游重点村、国家AAA级旅游景区、自治区乡村旅游重点村，有“南疆那拉提”“天然氧吧”之美誉。景区依托塔格拉克村优良的自然生态和人文资源，按照“乡村振兴+美丽乡村建设+乡村旅游+扶贫”模式开发打造，迅速成为网红乡村旅游示范点。','https://dimg02.c-ctrip.com/images/0102w120008b7wtu01470_C_1600_1200.jpg',4.7,35,'阿克苏地区3大山水景点榜 No.5','9:00-18:00','2023-03-27 18:57:46','2023-04-13 11:09:59',0),
(6,'拜城克孜尔千佛洞','克孜尔千佛洞大约始建于3-4世纪，或者更早一些；盛期在6-7世纪；8世纪末吐蕃占据龟兹后逐步废弃，其相继营造的时间达五六百年之久。','https://dimg03.c-ctrip.com/images/100w1f000001gwcmb86D1_R_1600_10000.jpg',4.6,399,'阿克苏地区3大山水景点榜 No.6','9:00-17:00','2023-03-27 19:02:18','2023-04-13 11:11:44',0),
(7,'库车大寺','库车大寺是新疆境内仅次于喀什艾提尕尔清真寺的第二大寺，距库车新城4公里。在库车老城区众多生土建筑中，库车大寺绿色的琉璃穹顶在阳光下显得格外夺目。大寺门楼高18.3米，全部青砖砌成，高耸的门楼与宣礼塔，庄严挺拔。塔柱雕以伊斯兰风格图案，穹窿式楼顶，形似天宇，寺内礼拜大厅1500平方米，可容纳3000人大礼拜。','https://dimg02.c-ctrip.com/images/01004120009ff8v7y9BF8_R_1600_10000.jpg',4.5,220,'阿克苏地区3大山水景点榜 No.7','17:00-22:00','2023-03-27 19:03:27','2023-04-13 11:12:13',0),
(8,'阿克苏老街','老街两旁种有茂密的桑葚树，街区内有各种民宿，餐厅星罗棋布。','https://dimg04.c-ctrip.com/images/01059120009a97g9j5F2A_C_1600_1200.png',4.5,40,'阿克苏地区3大山水景点榜 No.8','17:00-22:00','2023-03-27 20:25:52','2023-04-13 11:12:41',0),
(9,'苏巴什故城','苏巴什故城实际叫“苏巴什佛寺”，又名“昭怙悝大寺”，波涛滚滚的库车河穿城而过。据说，这条河就是《西游记》里“子母河”的下游。故城遗址始建于东汉（公元1世纪），隋唐（公元6至8世纪）盛极一时。','https://youimg1.c-ctrip.com/target/100h0t000000idu4lD750_D_521_391.jpg',4.7,280,'阿克苏地区3大山水景点榜 No.9','17:00-22:00','2023-03-27 20:26:15','2023-04-13 11:27:31',0);

/*Table structure for table `taxi` */

DROP TABLE IF EXISTS `taxi`;

CREATE TABLE `taxi` (
  `id` bigint NOT NULL AUTO_INCREMENT,
  `car_type` varchar(256) CHARACTER SET utf8mb4 COLLATE utf8mb4_general_ci DEFAULT NULL COMMENT '车型',
  `used` int DEFAULT NULL COMMENT '已乘人数',
  `max_num` int DEFAULT NULL COMMENT '最大乘客数',
  `path` varchar(256) CHARACTER SET utf8mb4 COLLATE utf8mb4_general_ci DEFAULT NULL COMMENT '路线',
  `phone` varchar(256) COLLATE utf8mb4_general_ci DEFAULT NULL COMMENT '司机联系方式',
  `price` int DEFAULT NULL COMMENT '单人价格',
  `gmt_create` datetime DEFAULT CURRENT_TIMESTAMP COMMENT '创建时间',
  `gmt_modified` datetime DEFAULT CURRENT_TIMESTAMP ON UPDATE CURRENT_TIMESTAMP COMMENT '修改时间',
  `is_deleted` tinyint DEFAULT '0' COMMENT '逻辑删除',
  PRIMARY KEY (`id`)
) ENGINE=InnoDB AUTO_INCREMENT=8 DEFAULT CHARSET=utf8mb4 COLLATE=utf8mb4_general_ci;

/*Data for the table `taxi` */

insert  into `taxi`(`id`,`car_type`,`used`,`max_num`,`path`,`phone`,`price`,`gmt_create`,`gmt_modified`,`is_deleted`) values 
(1,'法拉利',2,2,'天山托木尔景区·大峡谷—天山托木尔峰','13388080261',100,'2023-03-29 15:44:43','2023-04-13 11:24:14',0),
(2,'保时捷',3,4,'天山托木尔峰—天山托木尔景区·塔村','13388080262',121,'2023-03-29 15:44:48','2023-04-13 17:41:41',0),
(3,'捷豹',4,4,'天山托木尔景区·塔村—天山神秘大峡谷','13388080263',122,'2023-03-29 15:44:52','2023-04-13 17:16:26',0),
(4,'兰博基尼',2,4,'天山神秘大峡谷—大小龙池景区','13388080264',123,'2023-03-29 15:44:57','2023-04-13 11:24:38',0),
(5,'阿斯顿马丁',3,4,'克孜尔石窟—苏巴什佛寺遗址','13388080265',124,'2023-03-29 15:45:04','2023-04-13 11:24:42',0),
(6,'奥迪',2,4,'克孜尔尕哈烽燧—库车王府','13388080266',125,'2023-03-29 15:45:09','2023-04-13 11:24:52',0),
(7,'奔驰',1,4,'睡胡杨景区—139胡杨秘境公路','13388080267',125,'2023-03-29 15:45:11','2023-04-13 11:24:54',0);

/*Table structure for table `user` */

DROP TABLE IF EXISTS `user`;

CREATE TABLE `user` (
  `id` bigint NOT NULL AUTO_INCREMENT COMMENT '用户id',
  `username` varchar(256) COLLATE utf8mb4_general_ci DEFAULT NULL COMMENT '用户名',
  `password` varchar(256) COLLATE utf8mb4_general_ci DEFAULT NULL COMMENT '密码',
  `account` int DEFAULT NULL COMMENT '账户余额',
  `gmt_create` datetime DEFAULT CURRENT_TIMESTAMP COMMENT '创建时间',
  `gmt_modified` datetime DEFAULT CURRENT_TIMESTAMP ON UPDATE CURRENT_TIMESTAMP COMMENT '修改时间',
  `is_deleted` tinyint DEFAULT '0' COMMENT '逻辑删除',
  PRIMARY KEY (`id`)
) ENGINE=InnoDB AUTO_INCREMENT=30 DEFAULT CHARSET=utf8mb4 COLLATE=utf8mb4_general_ci;

/*Data for the table `user` */

insert  into `user`(`id`,`username`,`password`,`account`,`gmt_create`,`gmt_modified`,`is_deleted`) values 
(5,'赵大炮','e10adc3949ba59abbe56e057f20f883e',4000,'2023-03-29 19:13:15','2023-03-31 14:56:34',0),
(6,'赵三','e10adc3949ba59abbe56e057f20f883e',-2000,'2023-03-31 21:28:48','2023-04-04 16:49:27',0),
(10,'admin','e10adc3949ba59abbe56e057f20f883e',10000,'2023-04-01 09:59:39','2023-04-01 09:59:39',0),
(12,'admin1','e10adc3949ba59abbe56e057f20f883e',10000,'2023-04-01 10:08:56','2023-04-01 10:08:56',0),
(13,'赵四','e10adc3949ba59abbe56e057f20f883e',10000,'2023-04-01 16:01:21','2023-04-01 16:01:21',0),
(14,'赵五','e10adc3949ba59abbe56e057f20f883e',10000,'2023-04-03 21:31:58','2023-04-03 21:31:58',0),
(15,'赵六','e10adc3949ba59abbe56e057f20f883e',10000,'2023-04-03 21:40:16','2023-04-03 21:40:16',0),
(16,'李华','e10adc3949ba59abbe56e057f20f883e',10000,'2023-04-04 13:47:07','2023-04-04 13:47:07',0),
(17,'王七','e10adc3949ba59abbe56e057f20f883e',10000,'2023-04-06 11:47:04','2023-04-06 11:47:04',0),
(18,'王八','e10adc3949ba59abbe56e057f20f883e',10000,'2023-04-06 11:59:06','2023-04-06 11:59:06',0),
(19,'林好好','e10adc3949ba59abbe56e057f20f883e',10000,'2023-04-06 17:16:21','2023-04-06 17:16:21',0),
(20,'zzz','245bcf9f9dfd42ca3e9ebd14f91f700b',10000,'2023-04-09 18:24:48','2023-04-09 18:24:48',0),
(21,'zzzyq','245bcf9f9dfd42ca3e9ebd14f91f700b',10000,'2023-04-09 18:25:37','2023-04-09 18:25:37',0),
(22,'临洮','e10adc3949ba59abbe56e057f20f883e',10000,'2023-04-09 18:34:08','2023-04-09 18:34:08',0),
(23,'test','e10adc3949ba59abbe56e057f20f883e',10000,'2023-04-09 18:35:40','2023-04-09 18:35:40',0),
(24,'admin11','e10adc3949ba59abbe56e057f20f883e',10000,'2023-04-09 18:42:36','2023-04-09 18:42:36',0),
(25,'啾咪','e10adc3949ba59abbe56e057f20f883e',10000,'2023-04-09 22:35:05','2023-04-09 22:35:05',0),
(26,'绿色恐龙','e10adc3949ba59abbe56e057f20f883e',10000,'2023-04-09 22:35:45','2023-04-09 22:35:45',0),
(27,'夏日炎炎','e10adc3949ba59abbe56e057f20f883e',10000,'2023-04-09 22:36:37','2023-04-09 22:36:37',0),
(28,'aaa','245bcf9f9dfd42ca3e9ebd14f91f700b',10000,'2023-04-11 17:03:59','2023-04-11 17:03:59',0),
(29,'aaaa','5436f75f066754ce5af942c7f83a8e1c',10000,'2023-04-13 11:54:12','2023-04-13 11:54:12',0);

/*!40101 SET SQL_MODE=@OLD_SQL_MODE */;
/*!40014 SET FOREIGN_KEY_CHECKS=@OLD_FOREIGN_KEY_CHECKS */;
/*!40014 SET UNIQUE_CHECKS=@OLD_UNIQUE_CHECKS */;
/*!40111 SET SQL_NOTES=@OLD_SQL_NOTES */;
